"","term","estimate","std.error","statistic","p.value"
"1","(Intercept)",0.463666417754654,0.0350175385608163,13.2409768593354,4.18102372343292e-37
"2","age",-0.00184424103601957,0.00105678785265884,-1.74513837510483,0.0812552825492786
