"","term","estimate","std.error","statistic","p.value"
"1","(Intercept)",0.327948954188114,0.0176507399227039,18.5798983852386,8.67161748930901e-67
"2","fare",0.00219874909971458,0.00026462517448508,8.30891884716943,2.97849033086004e-16
